{
  "_id" : ObjectId("655ff85072fce756db0fb01d"),
  "reason" : "Porque alberga los cromosomas que contienen la información hereditaria en forma de ADN",
  "affirmation" : "El núcleo de una célula eucariota contiene la mayoría del material genético de la célula",
  "category" : "Preguntas de Analisis y Relacion",
  "thematic" : ObjectId("655fee5b2d00e9793f3f80a2"),
  "subject" : ObjectId("655fdab29c52724b5a6130f5"),
  "response_options" : [
      {
          "option" : "la Afirmación y la Razón son VERDADERAS y la Razón es una explicación CORRECTA de la Afirmación",
          "correct" : true
      },
      {
          "option" : "la Afirmación y la Razón son VERDADERAS, pero la Razón NO es una explicación CORRECTA de la Afirmación",
          "correct" : false
      },
      {
          "option" : "la Afirmación es VERDADERA, pero la Razón es una proposición FALSA",
          "correct" : false
      },
      {
          "option" : "la Afirmación es FALSA, pero la razón es una proposición VERDADERA",
          "correct" : false
      },
      {
          "option" : "tanto la Afirmación como la Razón son proposiciones FALSAS",
          "correct" : false
      }
  ]
}
{
  "_id" : ObjectId("655ff85072fce756db0fb01e"),
  "reason" : "Porque utiliza clorofila para capturar la energía del sol y convertirla en azúcares",
  "affirmation" : "La fotosíntesis es un proceso que ocurre en las plantas y algunas bacterias, mediante el cual la energía lumínica se convierte en energía química",
  "category" : "Preguntas de Analisis y Relacion",
  "thematic" : ObjectId("655fee5b2d00e9793f3f80a3"),
  "subject" : ObjectId("655fdab29c52724b5a6130f5"),
  "response_options" : [
      {
          "option" : "la Afirmación y la Razón son VERDADERAS y la Razón es una explicación CORRECTA de la Afirmación",
          "correct" : true
      },
      {
          "option" : "la Afirmación y la Razón son VERDADERAS, pero la Razón NO es una explicación CORRECTA de la Afirmación",
          "correct" : false
      },
      {
          "option" : "la Afirmación es VERDADERA, pero la Razón es una proposición FALSA",
          "correct" : false
      },
      {
          "option" : "la Afirmación es FALSA, pero la razón es una proposición VERDADERA",
          "correct" : false
      },
      {
          "option" : "tanto la Afirmación como la Razón son proposiciones FALSAS",
          "correct" : false
      }
  ]
}
{
  "_id" : ObjectId("655ff85072fce756db0fb01f"),
  "reason" : "Porque transmite información entre el sistema nervioso central y el resto del cuerpo",
  "affirmation" : "El sistema nervioso periférico consiste en nervios que se ramifican desde el cerebro y la médula espinal y se extienden a otras partes del cuerpo",
  "category" : "Preguntas de Analisis y Relacion",
  "thematic" : ObjectId("655fee5b2d00e9793f3f80a4"),
  "subject" : ObjectId("655fdab29c52724b5a6130f5"),
  "response_options" : [
      {
          "option" : "la Afirmación y la Razón son VERDADERAS y la Razón es una explicación CORRECTA de la Afirmación",
          "correct" : true
      },
      {
          "option" : "la Afirmación y la Razón son VERDADERAS, pero la Razón NO es una explicación CORRECTA de la Afirmación",
          "correct" : false
      },
      {
          "option" : "la Afirmación es VERDADERA, pero la Razón es una proposición FALSA",
          "correct" : false
      },
      {
          "option" : "la Afirmación es FALSA, pero la razón es una proposición VERDADERA",
          "correct" : false
      },
      {
          "option" : "tanto la Afirmación como la Razón son proposiciones FALSAS",
          "correct" : false
      }
  ]
}
{
  "_id" : ObjectId("655ff85072fce756db0fb020"),
  "reason" : "Porque es la información genética heredada de los padres",
  "affirmation" : "El genotipo se refiere a la constitución genética de un individuo en términos de los alelos que posee",
  "category" : "Preguntas de Analisis y Relacion",
  "thematic" : ObjectId("655fee5b2d00e9793f3f80a5"),
  "subject" : ObjectId("655fdab29c52724b5a6130f5"),
  "response_options" : [
      {
          "option" : "la Afirmación y la Razón son VERDADERAS y la Razón es una explicación CORRECTA de la Afirmación",
          "correct" : false
      },
      {
          "option" : "la Afirmación y la Razón son VERDADERAS, pero la Razón NO es una explicación CORRECTA de la Afirmación",
          "correct" : true
      },
      {
          "option" : "la Afirmación es VERDADERA, pero la Razón es una proposición FALSA",
          "correct" : false
      },
      {
          "option" : "la Afirmación es FALSA, pero la razón es una proposición VERDADERA",
          "correct" : false
      },
      {
          "option" : "tanto la Afirmación como la Razón son proposiciones FALSAS",
          "correct" : false
      }
  ]
}
{
  "_id" : ObjectId("655ff85072fce756db0fb021"),
  "reason" : "Porque creía que los cambios que un organismo adquiere durante su vida pueden transmitirse a su descendencia",
  "affirmation" : "La teoría de Lamarck sobre la evolución sostenía que los organismos podían heredar características adquiridas durante su vida",
  "category" : "Preguntas de Analisis y Relacion",
  "thematic" : ObjectId("655fee5b2d00e9793f3f80a6"),
  "subject" : ObjectId("655fdab29c52724b5a6130f5"),
  "response_options" : [
      {
          "option" : "la Afirmación y la Razón son VERDADERAS y la Razón es una explicación CORRECTA de la Afirmación",
          "correct" : false
      },
      {
          "option" : "la Afirmación y la Razón son VERDADERAS, pero la Razón NO es una explicación CORRECTA de la Afirmación",
          "correct" : true
      },
      {
          "option" : "la Afirmación es VERDADERA, pero la Razón es una proposición FALSA",
          "correct" : false
      },
      {
          "option" : "la Afirmación es FALSA, pero la razón es una proposición VERDADERA",
          "correct" : false
      },
      {
          "option" : "tanto la Afirmación como la Razón son proposiciones FALSAS",
          "correct" : false
      }
  ]
}
{
  "_id" : ObjectId("655ff95a72fce756db0fb027"),
  "statement" : "¿Cuál es la capital de Japón?",
  "category" : "Seleccion multiple de unica Respuesta",
  "thematic" : ObjectId("655fee5b2d00e9793f3f809e"),
  "subject" : ObjectId("655fdab29c52724b5a6130f4"),
  "response_options" : [
      {
          "option" : "Tokio",
          "correct" : true
      },
      {
          "option" : "Seúl",
          "correct" : false
      },
      {
          "option" : "Pekín",
          "correct" : false
      },
      {
          "option" : "Bangkok",
          "correct" : false
      },
      {
          "option" : "Kuala Lumpur",
          "correct" : false
      }
  ]
}
{
  "_id" : ObjectId("655ff95a72fce756db0fb028"),
  "statement" : "¿Cuál es el río más largo de Europa?",
  "category" : "Seleccion multiple de unica Respuesta",
  "thematic" : ObjectId("655fee5b2d00e9793f3f80a0"),
  "subject" : ObjectId("655fdab29c52724b5a6130f4"),
  "response_options" : [
      {
          "option" : "Volga",
          "correct" : true
      },
      {
          "option" : "Rin",
          "correct" : false
      },
      {
          "option" : "Danubio",
          "correct" : false
      },
      {
          "option" : "Loira",
          "correct" : false
      },
      {
          "option" : "Elba",
          "correct" : false
      }
  ]
}
{
  "_id" : ObjectId("655ff95a72fce756db0fb029"),
  "statement" : "¿Cuál es el país más grande de Sudamérica?",
  "category" : "Seleccion multiple de unica Respuesta",
  "thematic" : ObjectId("655fee5b2d00e9793f3f80a1"),
  "subject" : ObjectId("655fdab29c52724b5a6130f4"),
  "response_options" : [
      {
          "option" : "Brasil",
          "correct" : true
      },
      {
          "option" : "Argentina",
          "correct" : false
      },
      {
          "option" : "Colombia",
          "correct" : false
      },
      {
          "option" : "Perú",
          "correct" : false
      },
      {
          "option" : "Chile",
          "correct" : false
      }
  ]
}
{
  "_id" : ObjectId("655ff95a72fce756db0fb02a"),
  "statement" : "¿Cuál es la cordillera más larga del mundo?",
  "category" : "Seleccion multiple de unica Respuesta",
  "thematic" : ObjectId("655fee5b2d00e9793f3f809f"),
  "subject" : ObjectId("655fdab29c52724b5a6130f4"),
  "response_options" : [
      {
          "option" : "Himalayas",
          "correct" : false
      },
      {
          "option" : "Alpes",
          "correct" : false
      },
      {
          "option" : "Andes",
          "correct" : true
      },
      {
          "option" : "Rocallosas",
          "correct" : false
      },
      {
          "option" : "Montes Urales",
          "correct" : false
      }
  ]
}
{
  "_id" : ObjectId("655ff95a72fce756db0fb02b"),
  "statement" : "¿Cuál es el país con mayor superficie del mundo?",
  "category" : "Seleccion multiple de unica Respuesta",
  "thematic" : ObjectId("655fee5b2d00e9793f3f80a1"),
  "subject" : ObjectId("655fdab29c52724b5a6130f4"),
  "response_options" : [
      {
          "option" : "Estados Unidos",
          "correct" : false
      },
      {
          "option" : "Rusia",
          "correct" : true
      },
      {
          "option" : "China",
          "correct" : false
      },
      {
          "option" : "Canadá",
          "correct" : false
      },
      {
          "option" : "Brasil",
          "correct" : false
      }
  ]
}
{
  "_id" : ObjectId("655ffa0972fce756db0fb02c"),
  "statement" : "¿Cuáles de los siguientes juegos son del género de aventuras?",
  "category" : "Seleccion multiple de multiple Respuesta",
  "thematic" : ObjectId("655fee5b2d00e9793f3f80a7"),
  "subject" : ObjectId("655fdab29c52724b5a6130f6"),
  "comporation_options" : [
      "The Legend of Zelda",
      "Call of Duty",
      "Uncharted",
      "Grand Theft Auto"
  ],
  "response_options" : [
      {
          "option" : "1 y 2 son Correctas",
          "correct" : false
      },
      {
          "option" : "2 y 3 son Correctas",
          "correct" : false
      },
      {
          "option" : "3 y 4 son Correctas",
          "correct" : false
      },
      {
          "option" : "2 y 4 son Correctas",
          "correct" : false
      },
      {
          "option" : "1 y 3 son Correctas",
          "correct" : true
      }
  ]
}
{
  "_id" : ObjectId("655ffa0972fce756db0fb02d"),
  "statement" : "¿Cuáles de los siguientes personajes son de la franquicia de Mario?",
  "category" : "Seleccion multiple de multiple Respuesta",
  "thematic" : ObjectId("655fee5b2d00e9793f3f80a8"),
  "subject" : ObjectId("655fdab29c52724b5a6130f6"),
  "comporation_options" : [
      "Mario",
      "Sonic",
      "Luigi",
      "Donkey Kong"
  ],
  "response_options" : [
      {
          "option" : "1 y 2 son Correctas",
          "correct" : false
      },
      {
          "option" : "2 y 3 son Correctas",
          "correct" : false
      },
      {
          "option" : "3 y 4 son Correctas",
          "correct" : false
      },
      {
          "option" : "2 y 4 son Correctas",
          "correct" : false
      },
      {
          "option" : "1 y 3 son Correctas",
          "correct" : true
      }
  ]
}
{
  "_id" : ObjectId("655ffa0972fce756db0fb02e"),
  "statement" : "¿Cuáles de los siguientes son juegos de disparos en primera persona (FPS)?",
  "category" : "Seleccion multiple de multiple Respuesta",
  "thematic" : ObjectId("655fee5b2d00e9793f3f80a9"),
  "subject" : ObjectId("655fdab29c52724b5a6130f6"),
  "comporation_options" : [
      "Counter-Strike",
      "Halo",
      "Overwatch",
      "Minecraft"
  ],
  "response_options" : [
      {
          "option" : "1 y 2 son Correctas",
          "correct" : true
      },
      {
          "option" : "2 y 3 son Correctas",
          "correct" : false
      },
      {
          "option" : "3 y 4 son Correctas",
          "correct" : false
      },
      {
          "option" : "2 y 4 son Correctas",
          "correct" : false
      },
      {
          "option" : "1 y 3 son Correctas",
          "correct" : false
      }
  ]
}
{
  "_id" : ObjectId("655ffa0972fce756db0fb02f"),
  "statement" : "¿Cuáles de los siguientes son géneros comunes en los juegos de rol (RPG)?",
  "category" : "Seleccion multiple de multiple Respuesta",
  "thematic" : ObjectId("655fee5b2d00e9793f3f80a7"),
  "subject" : ObjectId("655fdab29c52724b5a6130f6"),
  "comporation_options" : [
      "Estrategia",
      "Fantasía",
      "Acción en tiempo real",
      "Mundo abierto"
  ],
  "response_options" : [
      {
          "option" : "1 y 2 son Correctas",
          "correct" : false
      },
      {
          "option" : "2 y 3 son Correctas",
          "correct" : false
      },
      {
          "option" : "3 y 4 son Correctas",
          "correct" : false
      },
      {
          "option" : "2 y 4 son Correctas",
          "correct" : true
      },
      {
          "option" : "1 y 3 son Correctas",
          "correct" : false
      }
  ]
}
{
  "_id" : ObjectId("655ffa0972fce756db0fb030"),
  "statement" : "¿Cuáles de los siguientes son títulos de la serie de videojuegos de Final Fantasy?",
  "category" : "Seleccion multiple de multiple Respuesta",
  "thematic" : ObjectId("655fee5b2d00e9793f3f80aa"),
  "subject" : ObjectId("655fdab29c52724b5a6130f6"),
  "comporation_options" : [
      "Final Destination",
      "The Witcher 3: Wild Hunt",
      "Final Fight",
      "Final Fantasy VII"
  ],
  "response_options" : [
      {
          "option" : "1 y 2 son Correctas",
          "correct" : false
      },
      {
          "option" : "2 y 3 son Correctas",
          "correct" : false
      },
      {
          "option" : "3 y 4 son Correctas",
          "correct" : true
      },
      {
          "option" : "2 y 4 son Correctas",
          "correct" : false
      },
      {
          "option" : "1 y 3 son Correctas",
          "correct" : false
      }
  ]
}