[{
    "_id" : ObjectId("655fdab29c52724b5a6130f4"),
    "name" : "Geografía",
    "description" : "La materia de Geografía se centra en el estudio de la Tierra y sus características, incluyendo la distribución de fenómenos físicos y humanos. Examina aspectos como la topografía, el clima, la población y las interacciones entre las sociedades y su entorno geográfico."
},
{
    "_id" : ObjectId("655fdab29c52724b5a6130f5"),
    "name" : "Biología",
    "description" : "Biología es la ciencia que estudia la vida y los organismos vivos. Esta materia aborda una amplia variedad de temas, desde la estructura celular hasta la diversidad de especies, la genética, la evolución y la ecología. Proporciona una comprensión profunda de los procesos fundamentales de la vida en la Tierra."
},
{
    "_id" : ObjectId("655fdab29c52724b5a6130f6"),
    "name" : "Videojuegos",
    "description" : "La materia de Videojuegos se enfoca en el diseño, desarrollo y estudio de los videojuegos. Examina aspectos como la programación de juegos, la narrativa interactiva, la estética visual y sonora, así como el impacto cultural de los videojuegos en la sociedad contemporánea."
}]