[{
    "_id" : ObjectId("655fee5b2d00e9793f3f809e"),
    "name" : "Capitales",
    "description" : "Información relacionada con las capitales de diferentes países.",
    "subject" : ObjectId("655fdab29c52724b5a6130f4")
},
{
    "_id" : ObjectId("655fee5b2d00e9793f3f809f"),
    "name" : "Cordilleras",
    "description" : "Datos sobre las cordilleras y cadenas montañosas del mundo.",
    "subject" : ObjectId("655fdab29c52724b5a6130f4")
},
{
    "_id" : ObjectId("655fee5b2d00e9793f3f80a0"),
    "name" : "Ríos",
    "description" : "Información sobre varios ríos, posiblemente incluyendo su longitud, ubicación, etc.",
    "subject" : ObjectId("655fdab29c52724b5a6130f4")
},
{
    "_id" : ObjectId("655fee5b2d00e9793f3f80a1"),
    "name" : "Países",
    "description" : "Datos generales sobre países, posiblemente incluyendo su ubicación, tamaño, población, etc.",
    "subject" : ObjectId("655fdab29c52724b5a6130f4")
},
{
    "_id" : ObjectId("655fee5b2d00e9793f3f80a2"),
    "name" : "Células",
    "description" : "Información sobre tipos de células, estructuras celulares y funciones celulares.",
    "subject" : ObjectId("655fdab29c52724b5a6130f5")
},
{
    "_id" : ObjectId("655fee5b2d00e9793f3f80a3"),
    "name" : "Plantas",
    "description" : "Datos relacionados con la biología de las plantas, posiblemente incluyendo tipos de plantas, estructuras, etc.",
    "subject" : ObjectId("655fdab29c52724b5a6130f5")
},
{
    "_id" : ObjectId("655fee5b2d00e9793f3f80a4"),
    "name" : "Sistema Nervioso",
    "description" : "Información sobre el sistema nervioso, sus componentes y funciones.",
    "subject" : ObjectId("655fdab29c52724b5a6130f5")
},
{
    "_id" : ObjectId("655fee5b2d00e9793f3f80a5"),
    "name" : "Genética",
    "description" : "Datos sobre genética, incluyendo conceptos como genotipo, fenotipo, herencia, etc.",
    "subject" : ObjectId("655fdab29c52724b5a6130f5")
},
{
    "_id" : ObjectId("655fee5b2d00e9793f3f80a6"),
    "name" : "Teoría de Lamarck",
    "description" : "Información relacionada con la teoría de Lamarck sobre la evolución y la herencia de características adquiridas.",
    "subject" : ObjectId("655fdab29c52724b5a6130f5")
},
{
    "_id" : ObjectId("655fee5b2d00e9793f3f80a7"),
    "name" : "Géneros de Videojuegos",
    "description" : "Datos sobre diferentes géneros de videojuegos, como acción, aventura, estrategia, etc.",
    "subject" : ObjectId("655fdab29c52724b5a6130f6")
},
{
    "_id" : ObjectId("655fee5b2d00e9793f3f80a8"),
    "name" : "Franquicias de Videojuegos",
    "description" : "Información sobre franquicias específicas de videojuegos, posiblemente incluyendo personajes y tramas.",
    "subject" : ObjectId("655fdab29c52724b5a6130f6")
},
{
    "_id" : ObjectId("655fee5b2d00e9793f3f80a9"),
    "name" : "Tipos de Videojuegos",
    "description" : "Datos sobre distintos tipos de videojuegos, posiblemente categorizados por mecánicas de juego o plataformas.",
    "subject" : ObjectId("655fdab29c52724b5a6130f6")
},
{
    "_id" : ObjectId("655fee5b2d00e9793f3f80aa"),
    "name" : "Series de Videojuegos",
    "description" : "Información sobre series continuas de videojuegos, posiblemente destacando la evolución a lo largo de varias entregas.",
    "subject" : ObjectId("655fdab29c52724b5a6130f6")
}]